<?xml version="1.0" ?>
<LOG_ROOT>
	<PROJECT NAME="music_cpu">
		<CBX_INST_ENTRY INSTANCE_NAME="|nios2_quartus2_button_project|first_nios2_system:inst|first_nios2_system_cpu:cpu|first_nios2_system_cpu_mult_cell:the_first_nios2_system_cpu_mult_cell|altera_mult_add:the_altmult_add_part_1" CBX_FILE_NAME="altera_mult_add_q1u2.v"/>
		<CBX_INST_ENTRY INSTANCE_NAME="|nios2_quartus2_button_project|first_nios2_system:inst|first_nios2_system_cpu:cpu|first_nios2_system_cpu_register_bank_a_module:first_nios2_system_cpu_register_bank_a|altsyncram:the_altsyncram" CBX_FILE_NAME="altsyncram_aqh1.tdf"/>
		<CBX_INST_ENTRY INSTANCE_NAME="|nios2_quartus2_button_project|first_nios2_system:inst|first_nios2_system_cpu:cpu|lpm_add_sub:Add8" CBX_FILE_NAME="add_sub_qvi.tdf"/>
		<CBX_INST_ENTRY INSTANCE_NAME="|nios2_quartus2_button_project|first_nios2_system:inst|first_nios2_system_jtag_uart:jtag_uart|first_nios2_system_jtag_uart_scfifo_w:the_first_nios2_system_jtag_uart_scfifo_w|scfifo:wfifo" CBX_FILE_NAME="scfifo_jr21.tdf"/>
		<CBX_INST_ENTRY INSTANCE_NAME="|nios2_quartus2_button_project|first_nios2_system:inst|first_nios2_system_cpu:cpu|first_nios2_system_cpu_mult_cell:the_first_nios2_system_cpu_mult_cell|altera_mult_add:the_altmult_add_part_2" CBX_FILE_NAME="altera_mult_add_s1u2.v"/>
		<CBX_INST_ENTRY INSTANCE_NAME="|nios2_quartus2_button_project|first_nios2_system:inst|first_nios2_system_jtag_uart:jtag_uart|first_nios2_system_jtag_uart_scfifo_r:the_first_nios2_system_jtag_uart_scfifo_r|scfifo:rfifo" CBX_FILE_NAME="scfifo_jr21.tdf"/>
		<CBX_INST_ENTRY INSTANCE_NAME="|nios2_quartus2_button_project|first_nios2_system:inst|first_nios2_system_cpu:cpu|first_nios2_system_cpu_ic_data_module:first_nios2_system_cpu_ic_data|altsyncram:the_altsyncram" CBX_FILE_NAME="altsyncram_udd1.tdf"/>
		<CBX_INST_ENTRY INSTANCE_NAME="|nios2_quartus2_button_project|first_nios2_system:inst|first_nios2_system_cpu:cpu|first_nios2_system_cpu_ic_tag_module:first_nios2_system_cpu_ic_tag|altsyncram:the_altsyncram" CBX_FILE_NAME="altsyncram_b1i1.tdf"/>
		<CBX_INST_ENTRY INSTANCE_NAME="|nios2_quartus2_button_project|first_nios2_system:inst|first_nios2_system_cpu:cpu|first_nios2_system_cpu_mult_cell:the_first_nios2_system_cpu_mult_cell|altera_mult_add:the_altmult_add_part_2|altera_mult_add_s1u2:auto_generated|altera_mult_add_rtl:altera_mult_add_rtl1|ama_multiplier_function:multiplier_block|lpm_mult:Mult0" CBX_FILE_NAME="mult_j011.tdf"/>
		<CBX_INST_ENTRY INSTANCE_NAME="|nios2_quartus2_button_project|first_nios2_system:inst|first_nios2_system_cpu:cpu|first_nios2_system_cpu_nios2_oci:the_first_nios2_system_cpu_nios2_oci|first_nios2_system_cpu_nios2_ocimem:the_first_nios2_system_cpu_nios2_ocimem|first_nios2_system_cpu_ociram_sp_ram_module:first_nios2_system_cpu_ociram_sp_ram|altsyncram:the_altsyncram" CBX_FILE_NAME="altsyncram_rm81.tdf"/>
		<CBX_INST_ENTRY INSTANCE_NAME="|nios2_quartus2_button_project|first_nios2_system:inst|first_nios2_system_cpu:cpu|first_nios2_system_cpu_register_bank_b_module:first_nios2_system_cpu_register_bank_b|altsyncram:the_altsyncram" CBX_FILE_NAME="altsyncram_bqh1.tdf"/>
		<CBX_INST_ENTRY INSTANCE_NAME="|nios2_quartus2_button_project|first_nios2_system:inst|first_nios2_system_cpu:cpu|first_nios2_system_cpu_mult_cell:the_first_nios2_system_cpu_mult_cell|altera_mult_add:the_altmult_add_part_1|altera_mult_add_q1u2:auto_generated|altera_mult_add_rtl:altera_mult_add_rtl1|ama_multiplier_function:multiplier_block|lpm_mult:Mult0" CBX_FILE_NAME="mult_jp01.tdf"/>
		<CBX_INST_ENTRY INSTANCE_NAME="|nios2_quartus2_button_project|first_nios2_system:inst|first_nios2_system_onchip_mem:onchip_mem|altsyncram:the_altsyncram" CBX_FILE_NAME="altsyncram_3pd1.tdf"/>
	</PROJECT>
</LOG_ROOT>
