<?xml version="1.0" encoding="UTF-8"?>
<preferences>
 <debug showDebugMenu="0" />
 <systemtable>
  <columns>
   <connections preferredWidth="127" />
   <irq preferredWidth="34" />
  </columns>
 </systemtable>
 <clocktable>
  <columns>
   <clockname preferredWidth="752" />
   <clocksource preferredWidth="751" />
   <frequency preferredWidth="732" />
  </columns>
 </clocktable>
 <window width="2560" height="1440" x="0" y="0" />
 <library
   expandedCategories="Project,Library/Peripherals/Microcontroller Peripherals,Library/Peripherals,Library" />
</preferences>
