<?xml version="1.0" encoding="UTF-8"?>
<preferences>
 <debug showDebugMenu="0" />
 <systemtable>
  <columns>
   <connections preferredWidth="159" />
   <irq preferredWidth="34" />
   <name preferredWidth="287" />
  </columns>
 </systemtable>
 <clocktable>
  <columns>
   <clockname preferredWidth="755" />
   <clocksource preferredWidth="755" />
   <frequency preferredWidth="747" />
  </columns>
 </clocktable>
 <window width="2582" height="1462" x="-11" y="-11" />
 <library
   expandedCategories="Library/Memories and Memory Controllers/External Memory Interfaces/DDR3 Interfaces,Library/Peripherals/Display,Library/Interface Protocols/SDI,Library/Peripherals,Library/Embedded Processors,Library/Bridges and Adapters,Library/Memories and Memory Controllers/External Memory Interfaces/QDR II Interfaces,Library/Memories and Memory Controllers,Library/Qsys Interconnect/Tri-State Components,Library/Qsys Interconnect/Interrupt,Library/Configuration &amp; Programming,Library/DSP/Filters,Library/Memories and Memory Controllers/External Memory Interfaces/DDR Interfaces,Library/Clock and Reset,Library/Interface Protocols/Transceiver PHY,Library/Peripherals/Microcontroller Peripherals,Library/Bridges and Adapters/DMA,Library/Verification,Library/Memories and Memory Controllers/External Memory Interfaces/RLDRAM II Interfaces,Library/Interface Protocols/Ethernet,Library/Interface Protocols/PCI,Library/Interface Protocols/Serial,Library/Memories and Memory Controllers/External Memory Interfaces/Flash Interfaces,Library/Verification/Debug &amp; Performance,Project,Library/DSP,Library/Verification/Simulation,Library/Bridges/Streaming,Library/Memories and Memory Controllers/External Memory Interfaces/Memory Interfaces/Flash,Library/DSP/Video and Image Processing,Library/Memories and Memory Controllers/External Memory Interfaces/SDRAM Interfaces,Library/Memories and Memory Controllers/External Memory Interfaces/LPDDR2 Interfaces,Library/Interface Protocols/Ethernet/Submodules,Library/Memories and Memory Controllers/External Memory Interfaces/Memory Interfaces,Library/Bridges,Library/Interface Protocols/Ethernet/Example,Library/PLL,Library/Qsys Interconnect/Memory-Mapped,Library/Qsys Interconnect,Library,Library/Interface Protocols,Library/Memories and Memory Controllers/On-Chip,Library/Memories and Memory Controllers/External Memory Interfaces/Performance Monitors,Library/Memories and Memory Controllers/External Memory Interfaces/DDR2 Interfaces,Library/Interface Protocols/Interlaken,Library/Bridges/Memory-Mapped,Library/Peripherals/Debug and Performance,Library/Memories and Memory Controllers/External Memory Interfaces,Library/Memories and Memory Controllers/External Memory Interfaces/Pattern Generators" />
</preferences>
